[{"model": "players.player", "pk": 2, "fields": {"first_name": "Steve", "last_name": "Allan", "country": "Australia"}}, {"model": "players.player", "pk": 16, "fields": {"first_name": "Aaron", "last_name": "Baddeley", "country": "Australia"}}, {"model": "players.player", "pk": 21, "fields": {"first_name": "Craig", "last_name": "Barlow", "country": "United States"}}, {"model": "players.player", "pk": 29, "fields": {"first_name": "Rich", "last_name": "Beem", "country": "United States"}}, {"model": "players.player", "pk": 77, "fields": {"first_name": "K.J.", "last_name": "Choi", "country": "Korea"}}, {"model": "players.player", "pk": 78, "fields": {"first_name": "Stewart", "last_name": "Cink", "country": "United States"}}, {"model": "players.player", "pk": 110, "fields": {"first_name": "Jason", "last_name": "Dufner", "country": "United States"}}, {"model": "players.player", "pk": 115, "fields": {"first_name": "David", "last_name": "Duval", "country": "United States"}}, {"model": "players.player", "pk": 116, "fields": {"first_name": "Paul", "last_name": "Earnest", "country": "United States"}}, {"model": "players.player", "pk": 123, "fields": {"first_name": "Ernie", "last_name": "Els", "country": "South Africa"}}, {"model": "players.player", "pk": 153, "fields": {"first_name": "Jim", "last_name": "Furyk", "country": "United States"}}, {"model": "players.player", "pk": 156, "fields": {"first_name": "Robert", "last_name": "Gamez", "country": "United States"}}, {"model": "players.player", "pk": 159, "fields": {"first_name": "Brian", "last_name": "Gay", "country": "United States"}}, {"model": "players.player", "pk": 171, "fields": {"first_name": "Jeff", "last_name": "Gove", "country": "United States"}}, {"model": "players.player", "pk": 197, "fields": {"first_name": "Mark", "last_name": "Hensby", "country": "Australia"}}, {"model": "players.player", "pk": 198, "fields": {"first_name": "Tim", "last_name": "Herron", "country": "United States"}}, {"model": "players.player", "pk": 205, "fields": {"first_name": "Charley", "last_name": "Hoffman", "country": "United States"}}, {"model": "players.player", "pk": 208, "fields": {"first_name": "Charles", "last_name": "Howell III", "country": "United States"}}, {"model": "players.player", "pk": 266, "fields": {"first_name": "David", "last_name": "Lee", "country": "United States"}}, {"model": "players.player", "pk": 269, "fields": {"first_name": "Justin", "last_name": "Leonard", "country": "United States"}}, {"model": "players.player", "pk": 301, "fields": {"first_name": "Graeme", "last_name": "McDowell", "country": "Northern Ireland"}}, {"model": "players.player", "pk": 303, "fields": {"first_name": "Andrew", "last_name": "McLardy", "country": "Zimbabwe"}}, {"model": "players.player", "pk": 308, "fields": {"first_name": "Phil", "last_name": "Mickelson", "country": "United States"}}, {"model": "players.player", "pk": 312, "fields": {"first_name": "Bryce", "last_name": "Molder", "country": "United States"}}, {"model": "players.player", "pk": 318, "fields": {"first_name": "Kevin", "last_name": "Na", "country": "United States"}}, {"model": "players.player", "pk": 377, "fields": {"first_name": "Rory", "last_name": "Sabbatini", "country": "Slovakia"}}, {"model": "players.player", "pk": 387, "fields": {"first_name": "Steve", "last_name": "Scott", "country": "United States"}}, {"model": "players.player", "pk": 388, "fields": {"first_name": "Adam", "last_name": "Scott", "country": "Australia"}}, {"model": "players.player", "pk": 392, "fields": {"first_name": "Vijay", "last_name": "Singh", "country": "Fiji"}}, {"model": "players.player", "pk": 412, "fields": {"first_name": "Steve", "last_name": "Stricker", "country": "United States"}}, {"model": "players.player", "pk": 431, "fields": {"first_name": "D.J.", "last_name": "Trahan", "country": "United States"}}, {"model": "players.player", "pk": 438, "fields": {"first_name": "Omar", "last_name": "Uresti", "country": "United States"}}, {"model": "players.player", "pk": 446, "fields": {"first_name": "Jimmy", "last_name": "Walker", "country": "United States"}}, {"model": "players.player", "pk": 452, "fields": {"first_name": "Tim", "last_name": "Weinhart", "country": "United States"}}, {"model": "players.player", "pk": 462, "fields": {"first_name": "Tiger", "last_name": "Woods", "country": "United States"}}, {"model": "players.player", "pk": 470, "fields": {"first_name": "Billy", "last_name": "Downes", "country": "United States"}}, {"model": "players.player", "pk": 512, "fields": {"first_name": "Alex", "last_name": "Cejka", "country": "Germany"}}, {"model": "players.player", "pk": 521, "fields": {"first_name": "Matthew", "last_name": "Cort", "country": "England"}}, {"model": "players.player", "pk": 523, "fields": {"first_name": "Ben", "last_name": "Curtis", "country": "United States"}}, {"model": "players.player", "pk": 560, "fields": {"first_name": "Greg", "last_name": "Owen", "country": "England"}}, {"model": "players.player", "pk": 569, "fields": {"first_name": "Justin", "last_name": "Rose", "country": "England"}}, {"model": "players.player", "pk": 576, "fields": {"first_name": "Henrik", "last_name": "Stenson", "country": "Sweden"}}, {"model": "players.player", "pk": 619, "fields": {"first_name": "Ian", "last_name": "Poulter", "country": "England"}}, {"model": "players.player", "pk": 630, "fields": {"first_name": "Heath", "last_name": "Slocum", "country": "United States"}}, {"model": "players.player", "pk": 631, "fields": {"first_name": "Bob", "last_name": "Sowards", "country": "United States"}}, {"model": "players.player", "pk": 640, "fields": {"first_name": "Bryn", "last_name": "Parry", "country": "Canada"}}, {"model": "players.player", "pk": 648, "fields": {"first_name": "Todd", "last_name": "Fanning", "country": "Canada"}}, {"model": "players.player", "pk": 667, "fields": {"first_name": "Rod", "last_name": "Perry", "country": "United States"}}, {"model": "players.player", "pk": 676, "fields": {"first_name": "Lucas", "last_name": "Glover", "country": "United States"}}, {"model": "players.player", "pk": 679, "fields": {"first_name": "Greg", "last_name": "Gregory", "country": "United States"}}, {"model": "players.player", "pk": 686, "fields": {"first_name": "Zach", "last_name": "Johnson", "country": "United States"}}, {"model": "players.player", "pk": 689, "fields": {"first_name": "Brett", "last_name": "Wetterich", "country": "United States"}}, {"model": "players.player", "pk": 693, "fields": {"first_name": "Ben", "last_name": "Crane", "country": "United States"}}, {"model": "players.player", "pk": 707, "fields": {"first_name": "Pat", "last_name": "Perez", "country": "United States"}}, {"model": "players.player", "pk": 709, "fields": {"first_name": "John", "last_name": "Rollins", "country": "United States"}}, {"model": "players.player", "pk": 769, "fields": {"first_name": "Chez", "last_name": "Reavie", "country": "United States"}}, {"model": "players.player", "pk": 774, "fields": {"first_name": "Bill", "last_name": "Haas", "country": "United States"}}, {"model": "players.player", "pk": 780, "fields": {"first_name": "Bubba", "last_name": "Watson", "country": "United States"}}, {"model": "players.player", "pk": 809, "fields": {"first_name": "Ryan", "last_name": "Moore", "country": "United States"}}, {"model": "players.player", "pk": 856, "fields": {"first_name": "Carl", "last_name": "Pettersson", "country": "Sweden"}}, {"model": "players.player", "pk": 917, "fields": {"first_name": "Alan", "last_name": "Morin", "country": "United States"}}, {"model": "players.player", "pk": 925, "fields": {"first_name": "Charlie", "last_name": "Wi", "country": "Korea"}}, {"model": "players.player", "pk": 957, "fields": {"first_name": "Hunter", "last_name": "Mahan", "country": "United States"}}, {"model": "players.player", "pk": 962, "fields": {"first_name": "Ryan", "last_name": "Palmer", "country": "United States"}}, {"model": "players.player", "pk": 992, "fields": {"first_name": "Ryan", "last_name": "Hogue", "country": "United States"}}, {"model": "players.player", "pk": 997, "fields": {"first_name": "Ted", "last_name": "Purdy", "country": "United States"}}, {"model": "players.player", "pk": 1030, "fields": {"first_name": "Jhonattan", "last_name": "Vegas", "country": "Venezuela"}}, {"model": "players.player", "pk": 1037, "fields": {"first_name": "Scott", "last_name": "Piercy", "country": "United States"}}, {"model": "players.player", "pk": 1041, "fields": {"first_name": "Troy", "last_name": "Matteson", "country": "United States"}}, {"model": "players.player", "pk": 1042, "fields": {"first_name": "Nick", "last_name": "Watney", "country": "United States"}}, {"model": "players.player", "pk": 1055, "fields": {"first_name": "Jason", "last_name": "Knutzon", "country": "United States"}}, {"model": "players.player", "pk": 1059, "fields": {"first_name": "Luke", "last_name": "List", "country": "United States"}}, {"model": "players.player", "pk": 1062, "fields": {"first_name": "Sean", "last_name": "McCarty", "country": "United States"}}, {"model": "players.player", "pk": 1067, "fields": {"first_name": "J.B.", "last_name": "Holmes", "country": "United States"}}, {"model": "players.player", "pk": 1077, "fields": {"first_name": "Kevin", "last_name": "Streelman", "country": "United States"}}, {"model": "players.player", "pk": 1112, "fields": {"first_name": "Steven", "last_name": "Bowditch", "country": "Australia"}}, {"model": "players.player", "pk": 1129, "fields": {"first_name": "Anthony", "last_name": "Wall", "country": "England"}}, {"model": "players.player", "pk": 1168, "fields": {"first_name": "Kevin", "last_name": "Shields", "country": "United States"}}, {"model": "players.player", "pk": 1177, "fields": {"first_name": "Chris", "last_name": "Couch", "country": "United States"}}, {"model": "players.player", "pk": 1185, "fields": {"first_name": "Vaughn", "last_name": "Taylor", "country": "United States"}}, {"model": "players.player", "pk": 1186, "fields": {"first_name": "Tjaart", "last_name": "van der Walt", "country": "South Africa"}}, {"model": "players.player", "pk": 1196, "fields": {"first_name": "D.A.", "last_name": "Points", "country": "United States"}}, {"model": "players.player", "pk": 1222, "fields": {"first_name": "Brandt", "last_name": "Snedeker", "country": "United States"}}, {"model": "players.player", "pk": 1225, "fields": {"first_name": "Brian", "last_name": "Harman", "country": "United States"}}, {"model": "players.player", "pk": 1256, "fields": {"first_name": "Brendan", "last_name": "Jones", "country": "Australia"}}, {"model": "players.player", "pk": 1264, "fields": {"first_name": "Camilo", "last_name": "Villegas", "country": "Colombia"}}, {"model": "players.player", "pk": 1265, "fields": {"first_name": "Johnson", "last_name": "Wagner", "country": "United States"}}, {"model": "players.player", "pk": 1276, "fields": {"first_name": "Derek", "last_name": "Lamely", "country": "United States"}}, {"model": "players.player", "pk": 1279, "fields": {"first_name": "Scott", "last_name": "Barr", "country": "Australia"}}, {"model": "players.player", "pk": 1293, "fields": {"first_name": "Louis", "last_name": "Oosthuizen", "country": "South Africa"}}, {"model": "players.player", "pk": 1307, "fields": {"first_name": "Steven", "last_name": "Tiley", "country": "England"}}, {"model": "players.player", "pk": 1310, "fields": {"first_name": "Ben", "last_name": "Willman", "country": "England"}}, {"model": "players.player", "pk": 1350, "fields": {"first_name": "Y.E.", "last_name": "Yang", "country": "South Korea"}}, {"model": "players.player", "pk": 1352, "fields": {"first_name": "Chris", "last_name": "Stroud", "country": "United States"}}, {"model": "players.player", "pk": 1359, "fields": {"first_name": "Sean", "last_name": "O'Hair", "country": "United States"}}, {"model": "players.player", "pk": 1394, "fields": {"first_name": "Phil", "last_name": "Schmitt", "country": "United States"}}, {"model": "players.player", "pk": 1411, "fields": {"first_name": "Matt", "last_name": "Every", "country": "United States"}}, {"model": "players.player", "pk": 1416, "fields": {"first_name": "Troy", "last_name": "Kelly", "country": "United States"}}, {"model": "players.player", "pk": 1437, "fields": {"first_name": "Philip", "last_name": "Archer", "country": "England"}}, {"model": "players.player", "pk": 1456, "fields": {"first_name": "Richard", "last_name": "Finch", "country": "England"}}, {"model": "players.player", "pk": 1473, "fields": {"first_name": "Jose Manuel", "last_name": "Lara", "country": "Spain"}}, {"model": "players.player", "pk": 1483, "fields": {"first_name": "Francesco", "last_name": "Molinari", "country": "Italy"}}, {"model": "players.player", "pk": 1500, "fields": {"first_name": "Graeme", "last_name": "Storm", "country": "England"}}, {"model": "players.player", "pk": 1502, "fields": {"first_name": "Sam", "last_name": "Walker", "country": "England"}}, {"model": "players.player", "pk": 1543, "fields": {"first_name": "Kevin", "last_name": "Hall", "country": "United States"}}, {"model": "players.player", "pk": 1564, "fields": {"first_name": "Jeff", "last_name": "Overton", "country": "United States"}}, {"model": "players.player", "pk": 1600, "fields": {"first_name": "Nate", "last_name": "Lashley", "country": "United States"}}, {"model": "players.player", "pk": 1602, "fields": {"first_name": "Vinnie", "last_name": "Poncino", "country": "United States"}}, {"model": "players.player", "pk": 1612, "fields": {"first_name": "Billy", "last_name": "Hurley III", "country": "United States"}}, {"model": "players.player", "pk": 1613, "fields": {"first_name": "Sam", "last_name": "Saunders", "country": "United States"}}, {"model": "players.player", "pk": 1614, "fields": {"first_name": "Webb", "last_name": "Simpson", "country": "United States"}}, {"model": "players.player", "pk": 1626, "fields": {"first_name": "Bronson", "last_name": "Burgoon", "country": "United States"}}, {"model": "players.player", "pk": 1630, "fields": {"first_name": "Stuart", "last_name": "Deane", "country": "Australia"}}, {"model": "players.player", "pk": 1649, "fields": {"first_name": "Tadd", "last_name": "Fujikawa", "country": "United States"}}, {"model": "players.player", "pk": 1651, "fields": {"first_name": "Billy", "last_name": "Horschel", "country": "United States"}}, {"model": "players.player", "pk": 1676, "fields": {"first_name": "Jamie", "last_name": "Lovemark", "country": "United States"}}, {"model": "players.player", "pk": 1680, "fields": {"first_name": "Jason", "last_name": "Day", "country": "Australia"}}, {"model": "players.player", "pk": 1698, "fields": {"first_name": "Jarrod", "last_name": "Lyle", "country": "Australia"}}, {"model": "players.player", "pk": 1724, "fields": {"first_name": "Liang", "last_name": "Wen-Chong", "country": "China"}}, {"model": "players.player", "pk": 1750, "fields": {"first_name": "Ryan", "last_name": "Armour", "country": "United States"}}, {"model": "players.player", "pk": 1778, "fields": {"first_name": "Kyle", "last_name": "Stanley", "country": "United States"}}, {"model": "players.player", "pk": 1793, "fields": {"first_name": "Colt", "last_name": "Knost", "country": "United States"}}, {"model": "players.player", "pk": 1797, "fields": {"first_name": "Robert", "last_name": "Dinwiddie", "country": "England"}}, {"model": "players.player", "pk": 1920, "fields": {"first_name": "Matt", "last_name": "Bettencourt", "country": "United States"}}, {"model": "players.player", "pk": 1935, "fields": {"first_name": "Ryan", "last_name": "Blaum", "country": "United States"}}, {"model": "players.player", "pk": 1964, "fields": {"first_name": "Josh", "last_name": "Broadaway", "country": "United States"}}, {"model": "players.player", "pk": 2127, "fields": {"first_name": "Graham", "last_name": "DeLaet", "country": "Canada"}}, {"model": "players.player", "pk": 2283, "fields": {"first_name": "Brice", "last_name": "Garnett", "country": "United States"}}, {"model": "players.player", "pk": 2552, "fields": {"first_name": "Kevin", "last_name": "Kisner", "country": "United States"}}, {"model": "players.player", "pk": 2571, "fields": {"first_name": "Martin", "last_name": "Laird", "country": "Scotland"}}, {"model": "players.player", "pk": 2767, "fields": {"first_name": "Jesse", "last_name": "Mueller", "country": "United States"}}, {"model": "players.player", "pk": 2827, "fields": {"first_name": "Kyle", "last_name": "Owen", "country": "United States"}}, {"model": "players.player", "pk": 2883, "fields": {"first_name": "Ted", "last_name": "Potter Jr.", "country": "United States"}}, {"model": "players.player", "pk": 3291, "fields": {"first_name": "Jamie", "last_name": "Broce", "country": "United States"}}, {"model": "players.player", "pk": 3312, "fields": {"first_name": "Michael", "last_name": "Block", "country": "United States"}}, {"model": "players.player", "pk": 3314, "fields": {"first_name": "Rhys", "last_name": "Davies", "country": "Wales"}}, {"model": "players.player", "pk": 3317, "fields": {"first_name": "Jason", "last_name": "Kokrak", "country": "United States"}}, {"model": "players.player", "pk": 3324, "fields": {"first_name": "Martin", "last_name": "Ureta", "country": "Chile"}}, {"model": "players.player", "pk": 3351, "fields": {"first_name": "Marc", "last_name": "Leishman", "country": "Australia"}}, {"model": "players.player", "pk": 3378, "fields": {"first_name": "Scott", "last_name": "Stallings", "country": "United States"}}, {"model": "players.player", "pk": 3383, "fields": {"first_name": "Scott", "last_name": "Hebert", "country": "United States"}}, {"model": "players.player", "pk": 3449, "fields": {"first_name": "Chris", "last_name": "Kirk", "country": "United States"}}, {"model": "players.player", "pk": 3464, "fields": {"first_name": "David", "last_name": "Higgins", "country": "Ireland"}}, {"model": "players.player", "pk": 3470, "fields": {"first_name": "Rory", "last_name": "McIlroy", "country": "Northern Ireland"}}, {"model": "players.player", "pk": 3519, "fields": {"first_name": "Steve", "last_name": "Dartnall", "country": "Australia"}}, {"model": "players.player", "pk": 3532, "fields": {"first_name": "William", "last_name": "McGirt", "country": "United States"}}, {"model": "players.player", "pk": 3550, "fields": {"first_name": "Gary", "last_name": "Woodland", "country": "United States"}}, {"model": "players.player", "pk": 3596, "fields": {"first_name": "Brendan", "last_name": "Steele", "country": "United States"}}, {"model": "players.player", "pk": 3598, "fields": {"first_name": "Jim", "last_name": "Herman", "country": "United States"}}, {"model": "players.player", "pk": 3599, "fields": {"first_name": "Brian", "last_name": "Stuard", "country": "United States"}}, {"model": "players.player", "pk": 3647, "fields": {"first_name": "Kurt", "last_name": "Barnes", "country": "Australia"}}, {"model": "players.player", "pk": 3662, "fields": {"first_name": "Anthony", "last_name": "Summers", "country": "Australia"}}, {"model": "players.player", "pk": 3670, "fields": {"first_name": "Martin", "last_name": "Kaymer", "country": "Germany"}}, {"model": "players.player", "pk": 3688, "fields": {"first_name": "Michael", "last_name": "Thompson", "country": "United States"}}, {"model": "players.player", "pk": 3702, "fields": {"first_name": "Rickie", "last_name": "Fowler", "country": "United States"}}, {"model": "players.player", "pk": 3707, "fields": {"first_name": "Matthew", "last_name": "Borchert", "country": "United States"}}, {"model": "players.player", "pk": 3793, "fields": {"first_name": "Kevin", "last_name": "Tway", "country": "United States"}}, {"model": "players.player", "pk": 3820, "fields": {"first_name": "Gary", "last_name": "Boyd", "country": "England"}}, {"model": "players.player", "pk": 3827, "fields": {"first_name": "Hiroshi", "last_name": "Iwata", "country": "Japan"}}, {"model": "players.player", "pk": 3831, "fields": {"first_name": "Damien", "last_name": "McGrane", "country": "Ireland"}}, {"model": "players.player", "pk": 3941, "fields": {"first_name": "Eric", "last_name": "Dugas", "country": "United States"}}, {"model": "players.player", "pk": 3950, "fields": {"first_name": "Danny", "last_name": "Lee", "country": "New Zealand"}}, {"model": "players.player", "pk": 3955, "fields": {"first_name": "Savio", "last_name": "Nazareth", "country": "United States"}}, {"model": "players.player", "pk": 3980, "fields": {"first_name": "Patton", "last_name": "Kizzire", "country": "United States"}}, {"model": "players.player", "pk": 4086, "fields": {"first_name": "Keenan", "last_name": "Davidse", "country": "South Africa"}}, {"model": "players.player", "pk": 4116, "fields": {"first_name": "Jin", "last_name": "Jeong", "country": "South Korea"}}, {"model": "players.player", "pk": 4131, "fields": {"first_name": "Steven", "last_name": "Lam", "country": "China"}}, {"model": "players.player", "pk": 4141, "fields": {"first_name": "Darryn", "last_name": "Lloyd", "country": "South Africa"}}, {"model": "players.player", "pk": 4151, "fields": {"first_name": "Maxwell", "last_name": "McCardle", "country": "Australia"}}, {"model": "players.player", "pk": 4165, "fields": {"first_name": "Musolo", "last_name": "Nethunzwi", "country": "South Africa"}}, {"model": "players.player", "pk": 4169, "fields": {"first_name": "Dean", "last_name": "O'Riley", "country": "South Africa"}}, {"model": "players.player", "pk": 4176, "fields": {"first_name": "Kieran", "last_name": "Pratt", "country": "Australia"}}, {"model": "players.player", "pk": 4180, "fields": {"first_name": "Jake", "last_name": "Redman", "country": "South Africa"}}, {"model": "players.player", "pk": 4197, "fields": {"first_name": "Mikhail", "last_name": "Tewary", "country": "South Africa"}}, {"model": "players.player", "pk": 4213, "fields": {"first_name": "Jason", "last_name": "Schmuhl", "country": "United States"}}, {"model": "players.player", "pk": 4243, "fields": {"first_name": "Max", "last_name": "Alverio", "country": "Puerto Rico"}}, {"model": "players.player", "pk": 4247, "fields": {"first_name": "Eamonn", "last_name": "McLoughlin", "country": "United States"}}, {"model": "players.player", "pk": 4267, "fields": {"first_name": "Seung-yul", "last_name": "Noh", "country": "South Korea"}}, {"model": "players.player", "pk": 4270, "fields": {"first_name": "Hyung-Sung", "last_name": "Kim", "country": "South Korea"}}, {"model": "players.player", "pk": 4299, "fields": {"first_name": "Antonio", "last_name": "Lascuna", "country": "Philippines"}}, {"model": "players.player", "pk": 4304, "fields": {"first_name": "Danny", "last_name": "Willett", "country": "England"}}, {"model": "players.player", "pk": 4318, "fields": {"first_name": "Kodai", "last_name": "Ichihara", "country": "Japan"}}, {"model": "players.player", "pk": 4321, "fields": {"first_name": "Rafael", "last_name": "Cabrera Bello", "country": "Spain"}}, {"model": "players.player", "pk": 4342, "fields": {"first_name": "Javier", "last_name": "Colomo", "country": "Spain"}}, {"model": "players.player", "pk": 4401, "fields": {"first_name": "Zane", "last_name": "Scotland", "country": "England"}}, {"model": "players.player", "pk": 4438, "fields": {"first_name": "Hao", "last_name": "Yuan", "country": "China"}}, {"model": "players.player", "pk": 4447, "fields": {"first_name": "Chinnarat", "last_name": "Phadungsil", "country": "Thailand"}}, {"model": "players.player", "pk": 4449, "fields": {"first_name": "Sung", "last_name": "Kang", "country": "South Korea"}}, {"model": "players.player", "pk": 4456, "fields": {"first_name": "A-Shun", "last_name": "Wu", "country": "China"}}, {"model": "players.player", "pk": 4465, "fields": {"first_name": "Wen-yi", "last_name": "Huang", "country": "China"}}, {"model": "players.player", "pk": 4513, "fields": {"first_name": "Keegan", "last_name": "Bradley", "country": "United States"}}, {"model": "players.player", "pk": 4553, "fields": {"first_name": "Jordi", "last_name": "Garcia Pinto", "country": "Spain"}}, {"model": "players.player", "pk": 4585, "fields": {"first_name": "Scott", "last_name": "Arnold", "country": "Australia"}}, {"model": "players.player", "pk": 4587, "fields": {"first_name": "Shane", "last_name": "Lowry", "country": "Ireland"}}, {"model": "players.player", "pk": 4589, "fields": {"first_name": "Charles", "last_name": "Frost", "country": "United States"}}, {"model": "players.player", "pk": 4591, "fields": {"first_name": "Scott", "last_name": "Brown", "country": "United States"}}, {"model": "players.player", "pk": 4638, "fields": {"first_name": "Ben", "last_name": "Martin", "country": "United States"}}, {"model": "players.player", "pk": 4671, "fields": {"first_name": "John", "last_name": "Parry", "country": "England"}}, {"model": "players.player", "pk": 4682, "fields": {"first_name": "Andrew", "last_name": "Landry", "country": "United States"}}, {"model": "players.player", "pk": 4781, "fields": {"first_name": "Morgan", "last_name": "Hoffmann", "country": "United States"}}, {"model": "players.player", "pk": 4960, "fields": {"first_name": "C", "last_name": "Muniyappa", "country": "India"}}, {"model": "players.player", "pk": 4989, "fields": {"first_name": "Anirban", "last_name": "Lahiri", "country": "India"}}, {"model": "players.player", "pk": 5025, "fields": {"first_name": "James", "last_name": "Hahn", "country": "United States"}}, {"model": "players.player", "pk": 5140, "fields": {"first_name": "Thorbjorn", "last_name": "Olesen", "country": "Denmark"}}, {"model": "players.player", "pk": 5220, "fields": {"first_name": "Gunner", "last_name": "Wiebe", "country": "United States"}}, {"model": "players.player", "pk": 5285, "fields": {"first_name": "Byeong-Hun", "last_name": "An", "country": "South Korea"}}, {"model": "players.player", "pk": 5322, "fields": {"first_name": "Mu", "last_name": "Hu", "country": "China"}}, {"model": "players.player", "pk": 5332, "fields": {"first_name": "Hyun-woo", "last_name": "Ryu", "country": "South Korea"}}, {"model": "players.player", "pk": 5338, "fields": {"first_name": "Bud", "last_name": "Cauley", "country": "United States"}}, {"model": "players.player", "pk": 5349, "fields": {"first_name": "Rikard", "last_name": "Karlberg", "country": "Sweden"}}, {"model": "players.player", "pk": 5408, "fields": {"first_name": "Harris", "last_name": "English", "country": "United States"}}, {"model": "players.player", "pk": 5409, "fields": {"first_name": "Russell", "last_name": "Henley", "country": "United States"}}, {"model": "players.player", "pk": 5426, "fields": {"first_name": "Domenico", "last_name": "Geminiani", "country": "Italy"}}, {"model": "players.player", "pk": 5462, "fields": {"first_name": "Grayson", "last_name": "Murray", "country": "United States"}}, {"model": "players.player", "pk": 5467, "fields": {"first_name": "Jordan", "last_name": "Spieth", "country": "United States"}}, {"model": "players.player", "pk": 5500, "fields": {"first_name": "Kevin", "last_name": "Phelan", "country": "Ireland"}}, {"model": "players.player", "pk": 5502, "fields": {"first_name": "Andrew", "last_name": "Putnam", "country": "United States"}}, {"model": "players.player", "pk": 5503, "fields": {"first_name": "Mark", "last_name": "Silvers", "country": "United States"}}, {"model": "players.player", "pk": 5504, "fields": {"first_name": "Hudson", "last_name": "Swafford", "country": "United States"}}, {"model": "players.player", "pk": 5506, "fields": {"first_name": "Scott", "last_name": "Langley", "country": "United States"}}, {"model": "players.player", "pk": 5532, "fields": {"first_name": "Carlos", "last_name": "Ortiz", "country": "Mexico"}}, {"model": "players.player", "pk": 5539, "fields": {"first_name": "Tommy", "last_name": "Fleetwood", "country": "England"}}, {"model": "players.player", "pk": 5548, "fields": {"first_name": "Adam", "last_name": "Hadwin", "country": "Canada"}}, {"model": "players.player", "pk": 5553, "fields": {"first_name": "Tyrrell", "last_name": "Hatton", "country": "England"}}, {"model": "players.player", "pk": 5560, "fields": {"first_name": "Wes", "last_name": "Homan", "country": "United States"}}, {"model": "players.player", "pk": 5579, "fields": {"first_name": "Patrick", "last_name": "Reed", "country": "United States"}}, {"model": "players.player", "pk": 5619, "fields": {"first_name": "Robert", "last_name": "Streb", "country": "United States"}}, {"model": "players.player", "pk": 5704, "fields": {"first_name": "Chesson", "last_name": "Hadley", "country": "United States"}}, {"model": "players.player", "pk": 5724, "fields": {"first_name": "Chan", "last_name": "Kim", "country": "United States"}}, {"model": "players.player", "pk": 5764, "fields": {"first_name": "David", "last_name": "Hronek", "country": "United States"}}, {"model": "players.player", "pk": 5769, "fields": {"first_name": "Marty", "last_name": "Jertson", "country": "United States"}}, {"model": "players.player", "pk": 5771, "fields": {"first_name": "Kiradech", "last_name": "Aphibarnrat", "country": "Thailand"}}, {"model": "players.player", "pk": 5772, "fields": {"first_name": "Pariya", "last_name": "Junhasavasdikul", "country": "Thailand"}}, {"model": "players.player", "pk": 5773, "fields": {"first_name": "Siddikur", "last_name": "Rahman", "country": "Bangladesh"}}, {"model": "players.player", "pk": 5797, "fields": {"first_name": "John", "last_name": "Huh", "country": "United States"}}, {"model": "players.player", "pk": 5827, "fields": {"first_name": "Nick", "last_name": "McCarthy", "country": "England"}}, {"model": "players.player", "pk": 5860, "fields": {"first_name": "Hideki", "last_name": "Matsuyama", "country": "Japan"}}, {"model": "players.player", "pk": 5862, "fields": {"first_name": "WC", "last_name": "Liang", "country": "China"}}, {"model": "players.player", "pk": 5882, "fields": {"first_name": "Emiliano", "last_name": "Grillo", "country": "Argentina"}}, {"model": "players.player", "pk": 5934, "fields": {"first_name": "Li", "last_name": "Haotong", "country": "China"}}, {"model": "players.player", "pk": 6001, "fields": {"first_name": "Seamus", "last_name": "Power", "country": "Ireland"}}, {"model": "players.player", "pk": 6007, "fields": {"first_name": "Patrick", "last_name": "Cantlay", "country": "United States"}}, {"model": "players.player", "pk": 6011, "fields": {"first_name": "Beau", "last_name": "Hossler", "country": "United States"}}, {"model": "players.player", "pk": 6015, "fields": {"first_name": "Adam", "last_name": "Long", "country": "United States"}}, {"model": "players.player", "pk": 6017, "fields": {"first_name": "C.T.", "last_name": "Pan", "country": "Chinese Taipei"}}, {"model": "players.player", "pk": 6042, "fields": {"first_name": "Jung-gon", "last_name": "Hwang", "country": "South Korea"}}, {"model": "players.player", "pk": 6044, "fields": {"first_name": "Craig", "last_name": "Hinton", "country": "England"}}, {"model": "players.player", "pk": 6086, "fields": {"first_name": "Tom", "last_name": "Hoge", "country": "United States"}}, {"model": "players.player", "pk": 6090, "fields": {"first_name": "Roger", "last_name": "Sloan", "country": "Canada"}}, {"model": "players.player", "pk": 6151, "fields": {"first_name": "Martin", "last_name": "Trainer", "country": "United States"}}, {"model": "players.player", "pk": 6177, "fields": {"first_name": "Gareth", "last_name": "Wright", "country": "Wales"}}, {"model": "players.player", "pk": 6196, "fields": {"first_name": "Joel", "last_name": "Dahmen", "country": "United States"}}, {"model": "players.player", "pk": 6197, "fields": {"first_name": "Scott", "last_name": "Smith", "country": "Canada"}}, {"model": "players.player", "pk": 6201, "fields": {"first_name": "Manuel", "last_name": "Trappel", "country": "Austria"}}, {"model": "players.player", "pk": 6608, "fields": {"first_name": "Craig", "last_name": "Hocknull", "country": "Australia"}}, {"model": "players.player", "pk": 6629, "fields": {"first_name": "Eddie", "last_name": "Pepperell", "country": "England"}}, {"model": "players.player", "pk": 6672, "fields": {"first_name": "Robert", "last_name": "Calvesbert", "country": "Puerto Rico"}}, {"model": "players.player", "pk": 6674, "fields": {"first_name": "Edward", "last_name": "Figueroa", "country": "Puerto Rico"}}, {"model": "players.player", "pk": 6689, "fields": {"first_name": "Kelly", "last_name": "Kraft", "country": "United States"}}, {"model": "players.player", "pk": 6740, "fields": {"first_name": "Robby", "last_name": "Ormand", "country": "United States"}}, {"model": "players.player", "pk": 6798, "fields": {"first_name": "Brooks", "last_name": "Koepka", "country": "United States"}}, {"model": "players.player", "pk": 6825, "fields": {"first_name": "Patrick", "last_name": "Rodgers", "country": "United States"}}, {"model": "players.player", "pk": 6899, "fields": {"first_name": "Matt", "last_name": "Dobyns", "country": "United States"}}, {"model": "players.player", "pk": 6931, "fields": {"first_name": "Mackenzie", "last_name": "Hughes", "country": "Canada"}}, {"model": "players.player", "pk": 6941, "fields": {"first_name": "Jake", "last_name": "Sarnoff", "country": "United States"}}, {"model": "players.player", "pk": 6991, "fields": {"first_name": "Harold", "last_name": "Varner III", "country": "United States"}}, {"model": "players.player", "pk": 7001, "fields": {"first_name": "Sam", "last_name": "Ryder", "country": "United States"}}, {"model": "players.player", "pk": 7007, "fields": {"first_name": "Daniel", "last_name": "Popovic", "country": "Australia"}}, {"model": "players.player", "pk": 7026, "fields": {"first_name": "Ryan", "last_name": "McCarthy", "country": "Australia"}}, {"model": "players.player", "pk": 7035, "fields": {"first_name": "Donny", "last_name": "Lee", "country": "United States"}}, {"model": "players.player", "pk": 7042, "fields": {"first_name": "Masanori", "last_name": "Kobayashi", "country": "Japan"}}, {"model": "players.player", "pk": 7081, "fields": {"first_name": "Si", "last_name": "Woo Kim", "country": "South Korea"}}, {"model": "players.player", "pk": 7082, "fields": {"first_name": "Whee", "last_name": "Kim", "country": "South Korea"}}, {"model": "players.player", "pk": 7143, "fields": {"first_name": "Peter", "last_name": "Williamson", "country": "United States"}}, {"model": "players.player", "pk": 7161, "fields": {"first_name": "Brandon", "last_name": "Harkins", "country": "United States"}}, {"model": "players.player", "pk": 8858, "fields": {"first_name": "Kyung-tae", "last_name": "Kim", "country": "South Korea"}}, {"model": "players.player", "pk": 8886, "fields": {"first_name": "Yi", "last_name": "Cao", "country": "China"}}, {"model": "players.player", "pk": 8906, "fields": {"first_name": "Keith", "last_name": "Mitchell", "country": "United States"}}, {"model": "players.player", "pk": 8909, "fields": {"first_name": "Derek", "last_name": "Rende", "country": "United States"}}, {"model": "players.player", "pk": 8929, "fields": {"first_name": "Chris", "last_name": "Evans", "country": "United States"}}, {"model": "players.player", "pk": 8971, "fields": {"first_name": "Cody", "last_name": "Gribble", "country": "United States"}}, {"model": "players.player", "pk": 8974, "fields": {"first_name": "Michael", "last_name": "Kim", "country": "United States"}}, {"model": "players.player", "pk": 8992, "fields": {"first_name": "Dominic", "last_name": "Bozzelli", "country": "United States"}}, {"model": "players.player", "pk": 8996, "fields": {"first_name": "Brad", "last_name": "Miller", "country": "United States"}}, {"model": "players.player", "pk": 9025, "fields": {"first_name": "Daniel", "last_name": "Berger", "country": "United States"}}, {"model": "players.player", "pk": 9034, "fields": {"first_name": "Dan", "last_name": "Obremski", "country": "United States"}}, {"model": "players.player", "pk": 9035, "fields": {"first_name": "Ryan", "last_name": "Zylstra", "country": "Canada"}}, {"model": "players.player", "pk": 9037, "fields": {"first_name": "Matthew", "last_name": "Fitzpatrick", "country": "England"}}, {"model": "players.player", "pk": 9098, "fields": {"first_name": "David", "last_name": "McNabb", "country": "United States"}}, {"model": "players.player", "pk": 9099, "fields": {"first_name": "David", "last_name": "Muttitt", "country": "United States"}}, {"model": "players.player", "pk": 9126, "fields": {"first_name": "Corey", "last_name": "Conners", "country": "Canada"}}, {"model": "players.player", "pk": 9199, "fields": {"first_name": "Nathan", "last_name": "Holman", "country": "Australia"}}, {"model": "players.player", "pk": 9221, "fields": {"first_name": "Haotong", "last_name": "Li", "country": "China"}}, {"model": "players.player", "pk": 9261, "fields": {"first_name": "Abraham", "last_name": "Ancer", "country": "Mexico"}}, {"model": "players.player", "pk": 9288, "fields": {"first_name": "Jared", "last_name": "Sawada", "country": "United States"}}, {"model": "players.player", "pk": 9305, "fields": {"first_name": "Alex", "last_name": "Moon", "country": "United States"}}, {"model": "players.player", "pk": 9484, "fields": {"first_name": "Alex", "last_name": "Smalley", "country": "United States"}}, {"model": "players.player", "pk": 9517, "fields": {"first_name": "Austin", "last_name": "Cook", "country": "United States"}}, {"model": "players.player", "pk": 9527, "fields": {"first_name": "Will", "last_name": "Grimmer", "country": "United States"}}, {"model": "players.player", "pk": 9568, "fields": {"first_name": "Ollie", "last_name": "Schniederjans", "country": "United States"}}, {"model": "players.player", "pk": 9569, "fields": {"first_name": "Tyler", "last_name": "Duncan", "country": "United States"}}, {"model": "players.player", "pk": 9572, "fields": {"first_name": "Adam", "last_name": "Rainaud", "country": "United States"}}, {"model": "players.player", "pk": 9625, "fields": {"first_name": "Alex", "last_name": "Kim", "country": "United States"}}, {"model": "players.player", "pk": 9626, "fields": {"first_name": "Trey", "last_name": "Mullinax", "country": "United States"}}, {"model": "players.player", "pk": 9627, "fields": {"first_name": "Brian", "last_name": "Norman", "country": "United States"}}, {"model": "players.player", "pk": 9780, "fields": {"first_name": "Jon", "last_name": "Rahm", "country": "Spain"}}, {"model": "players.player", "pk": 9800, "fields": {"first_name": "Paul", "last_name": "McConnell", "country": "United States"}}, {"model": "players.player", "pk": 9804, "fields": {"first_name": "Richy", "last_name": "Werenski", "country": "United States"}}, {"model": "players.player", "pk": 9805, "fields": {"first_name": "Ryan", "last_name": "Williams", "country": "Canada"}}, {"model": "players.player", "pk": 9821, "fields": {"first_name": "Toby", "last_name": "Tree", "country": "England"}}, {"model": "players.player", "pk": 9831, "fields": {"first_name": "Michael", "last_name": "Hopper", "country": "United States"}}, {"model": "players.player", "pk": 9842, "fields": {"first_name": "Chris", "last_name": "Gilley", "country": "United States"}}, {"model": "players.player", "pk": 9844, "fields": {"first_name": "Gunn", "last_name": "Yang", "country": "South Korea"}}, {"model": "players.player", "pk": 9854, "fields": {"first_name": "Jeunghun", "last_name": "Wang", "country": "South Korea"}}, {"model": "players.player", "pk": 9905, "fields": {"first_name": "Jeronimo", "last_name": "Estevez", "country": "Puerto Rico"}}, {"model": "players.player", "pk": 9906, "fields": {"first_name": "Alex", "last_name": "Kang", "country": "United States"}}, {"model": "players.player", "pk": 9938, "fields": {"first_name": "Sam", "last_name": "Burns", "country": "United States"}}, {"model": "players.player", "pk": 9942, "fields": {"first_name": "Scott", "last_name": "Harvey", "country": "United States"}}, {"model": "players.player", "pk": 9975, "fields": {"first_name": "Travis", "last_name": "Howe", "country": "United States"}}, {"model": "players.player", "pk": 10030, "fields": {"first_name": "Zachary", "last_name": "Bauchou", "country": "United States"}}, {"model": "players.player", "pk": 10045, "fields": {"first_name": "Rich", "last_name": "Berberian Jr.", "country": "United States"}}, {"model": "players.player", "pk": 10046, "fields": {"first_name": "Bryson", "last_name": "DeChambeau", "country": "United States"}}, {"model": "players.player", "pk": 10049, "fields": {"first_name": "Sam", "last_name": "Horsfield", "country": "England"}}, {"model": "players.player", "pk": 10094, "fields": {"first_name": "Sam", "last_name": "O'Dell", "country": "United States"}}, {"model": "players.player", "pk": 10096, "fields": {"first_name": "Ryan", "last_name": "Ruffels", "country": "Australia"}}, {"model": "players.player", "pk": 10140, "fields": {"first_name": "Xander", "last_name": "Schauffele", "country": "United States"}}, {"model": "players.player", "pk": 10162, "fields": {"first_name": "Blair", "last_name": "Hamilton", "country": "Canada"}}, {"model": "players.player", "pk": 10165, "fields": {"first_name": "Garrett", "last_name": "Rank", "country": "Canada"}}, {"model": "players.player", "pk": 10166, "fields": {"first_name": "J.J.", "last_name": "Spaun", "country": "United States"}}, {"model": "players.player", "pk": 10231, "fields": {"first_name": "Stefano", "last_name": "Mazzoli", "country": "Italy"}}, {"model": "players.player", "pk": 10304, "fields": {"first_name": "David", "last_name": "Solomon", "country": "United States"}}, {"model": "players.player", "pk": 10357, "fields": {"first_name": "Anders", "last_name": "Albertson", "country": "United States"}}, {"model": "players.player", "pk": 10358, "fields": {"first_name": "Wil", "last_name": "Bateman", "country": "Canada"}}, {"model": "players.player", "pk": 10360, "fields": {"first_name": "Wesley", "last_name": "Bryan", "country": "United States"}}, {"model": "players.player", "pk": 10372, "fields": {"first_name": "Adam", "last_name": "Schenk", "country": "United States"}}, {"model": "players.player", "pk": 10422, "fields": {"first_name": "Young-han", "last_name": "Song", "country": "South Korea"}}, {"model": "players.player", "pk": 10442, "fields": {"first_name": "Charlie", "last_name": "Danielson", "country": "United States"}}, {"model": "players.player", "pk": 10488, "fields": {"first_name": "Brad", "last_name": "Dalke", "country": "United States"}}, {"model": "players.player", "pk": 10505, "fields": {"first_name": "J.T.", "last_name": "Poston", "country": "United States"}}, {"model": "players.player", "pk": 10548, "fields": {"first_name": "Matt", "last_name": "Wallace", "country": "England"}}, {"model": "players.player", "pk": 10556, "fields": {"first_name": "Brian", "last_name": "Bullington", "country": "United States"}}, {"model": "players.player", "pk": 10563, "fields": {"first_name": "Philip", "last_name": "Barbaree", "country": "United States"}}, {"model": "players.player", "pk": 10576, "fields": {"first_name": "Christopher", "last_name": "Crawford", "country": "United States"}}, {"model": "players.player", "pk": 10577, "fields": {"first_name": "Aaron", "last_name": "Wise", "country": "United States"}}, {"model": "players.player", "pk": 10580, "fields": {"first_name": "Tyler", "last_name": "Raber", "country": "United States"}}, {"model": "players.player", "pk": 10583, "fields": {"first_name": "Justin", "last_name": "Suh", "country": "United States"}}, {"model": "players.player", "pk": 10592, "fields": {"first_name": "Collin", "last_name": "Morikawa", "country": "United States"}}, {"model": "players.player", "pk": 10603, "fields": {"first_name": "Ray", "last_name": "Otis", "country": "United States"}}, {"model": "players.player", "pk": 10630, "fields": {"first_name": "Shugo", "last_name": "Imahira", "country": "Japan"}}, {"model": "players.player", "pk": 10639, "fields": {"first_name": "Matt", "last_name": "Gilchrest", "country": "United States"}}, {"model": "players.player", "pk": 10663, "fields": {"first_name": "Justin", "last_name": "Hicks", "country": ""}}, {"model": "players.player", "pk": 10665, "fields": {"first_name": "Hugo", "last_name": "Bernard", "country": "Canada"}}, {"model": "players.player", "pk": 10666, "fields": {"first_name": "Jared", "last_name": "du Toit", "country": "Canada"}}, {"model": "players.player", "pk": 10853, "fields": {"first_name": "Drew", "last_name": "Goff", "country": "United States"}}, {"model": "players.player", "pk": 10931, "fields": {"first_name": "A.J.", "last_name": "McInerney", "country": "United States"}}, {"model": "players.player", "pk": 10941, "fields": {"first_name": "Brent", "last_name": "Grant", "country": "United States"}}, {"model": "players.player", "pk": 10953, "fields": {"first_name": "Kenny", "last_name": "Pigman", "country": "United States"}}, {"model": "players.player", "pk": 10980, "fields": {"first_name": "Sahith", "last_name": "Theegala", "country": "United States"}}, {"model": "players.player", "pk": 10997, "fields": {"first_name": "Colin", "last_name": "Monagle", "country": "United States"}}, {"model": "players.player", "pk": 10998, "fields": {"first_name": "Chris", "last_name": "Nido", "country": "United States"}}, {"model": "players.player", "pk": 10999, "fields": {"first_name": "Toto", "last_name": "Gana", "country": "Chile"}}, {"model": "players.player", "pk": 11000, "fields": {"first_name": "Stewart", "last_name": "Hagestad", "country": "United States"}}, {"model": "players.player", "pk": 11007, "fields": {"first_name": "Brooks", "last_name": "Blackburn", "country": "United States"}}, {"model": "players.player", "pk": 11018, "fields": {"first_name": "Clayton", "last_name": "Portz", "country": "United States"}}, {"model": "players.player", "pk": 11021, "fields": {"first_name": "Zach", "last_name": "Cabra", "country": "United States"}}, {"model": "players.player", "pk": 11022, "fields": {"first_name": "Casey", "last_name": "Russell", "country": "United States"}}, {"model": "players.player", "pk": 11039, "fields": {"first_name": "Kyle", "last_name": "Ramey", "country": "United States"}}, {"model": "players.player", "pk": 11041, "fields": {"first_name": "Blake", "last_name": "Kennedy", "country": "United States"}}, {"model": "players.player", "pk": 11068, "fields": {"first_name": "Jamie", "last_name": "Sadlowski", "country": "Canada"}}, {"model": "players.player", "pk": 11094, "fields": {"first_name": "Braden", "last_name": "Thornberry", "country": "United States"}}, {"model": "players.player", "pk": 11096, "fields": {"first_name": "Mason", "last_name": "Andersen", "country": "United States"}}, {"model": "players.player", "pk": 11097, "fields": {"first_name": "Matt", "last_name": "Campbell", "country": "United States"}}, {"model": "players.player", "pk": 11098, "fields": {"first_name": "Cameron", "last_name": "Champ", "country": "United States"}}, {"model": "players.player", "pk": 11099, "fields": {"first_name": "Joaquin", "last_name": "Niemann", "country": "Chile"}}, {"model": "players.player", "pk": 11102, "fields": {"first_name": "Walker", "last_name": "Lee", "country": "United States"}}, {"model": "players.player", "pk": 11103, "fields": {"first_name": "Tyler", "last_name": "Light", "country": "United States"}}, {"model": "players.player", "pk": 11146, "fields": {"first_name": "Alan", "last_name": "Cooke", "country": "United States"}}, {"model": "players.player", "pk": 11147, "fields": {"first_name": "Adam", "last_name": "Hodkinson", "country": "England"}}, {"model": "players.player", "pk": 11148, "fields": {"first_name": "Haydn", "last_name": "McCullen", "country": "England"}}, {"model": "players.player", "pk": 11170, "fields": {"first_name": "Darin", "last_name": "Fisher", "country": "United States"}}, {"model": "players.player", "pk": 11171, "fields": {"first_name": "Kurt", "last_name": "Slattery", "country": "United States"}}, {"model": "players.player", "pk": 11172, "fields": {"first_name": "David", "last_name": "Lawrence", "country": "United States"}}, {"model": "players.player", "pk": 11173, "fields": {"first_name": "Matt", "last_name": "Lee", "country": "United States"}}, {"model": "players.player", "pk": 11183, "fields": {"first_name": "Trace", "last_name": "Crowe", "country": "United States"}}, {"model": "players.player", "pk": 11186, "fields": {"first_name": "S.M.", "last_name": "Lee", "country": "United States"}}, {"model": "players.player", "pk": 11187, "fields": {"first_name": "Brad", "last_name": "Sill", "country": "United States"}}, {"model": "players.player", "pk": 11214, "fields": {"first_name": "Drew", "last_name": "Nesbitt", "country": "Canada"}}, {"model": "players.player", "pk": 11216, "fields": {"first_name": "Austin", "last_name": "James", "country": "Canada"}}, {"model": "players.player", "pk": 11217, "fields": {"first_name": "Daniel", "last_name": "Kim", "country": "Canada"}}, {"model": "players.player", "pk": 11218, "fields": {"first_name": "Jaysen", "last_name": "Hansen", "country": "United States"}}, {"model": "players.player", "pk": 11219, "fields": {"first_name": "Alex", "last_name": "Beach", "country": "United States"}}, {"model": "players.player", "pk": 11220, "fields": {"first_name": "JJ", "last_name": "Wood", "country": "United States"}}, {"model": "players.player", "pk": 11230, "fields": {"first_name": "Ben", "last_name": "Corfee", "country": "United States"}}, {"model": "players.player", "pk": 11231, "fields": {"first_name": "Tom", "last_name": "Morton", "country": "United States"}}, {"model": "players.player", "pk": 11232, "fields": {"first_name": "Chris", "last_name": "Moody", "country": "United States"}}, {"model": "players.player", "pk": 11247, "fields": {"first_name": "Jason", "last_name": "Widener", "country": "United States"}}, {"model": "players.player", "pk": 11303, "fields": {"first_name": "Dino", "last_name": "Giacomazzi", "country": "United States"}}, {"model": "players.player", "pk": 11311, "fields": {"first_name": "Seunghyuk", "last_name": "Kim", "country": "South Korea"}}, {"model": "players.player", "pk": 11312, "fields": {"first_name": "Junghwan", "last_name": "Lee", "country": "South Korea"}}, {"model": "players.player", "pk": 11314, "fields": {"first_name": "Hyungjoon", "last_name": "Lee", "country": "South Korea"}}, {"model": "players.player", "pk": 11317, "fields": {"first_name": "Ross", "last_name": "Bell", "country": "United States"}}, {"model": "players.player", "pk": 11318, "fields": {"first_name": "Grady", "last_name": "Brame Jr.", "country": "United States"}}, {"model": "players.player", "pk": 11319, "fields": {"first_name": "Scott", "last_name": "Strohmeyer", "country": "United States"}}, {"model": "players.player", "pk": 11333, "fields": {"first_name": "Greyson", "last_name": "Sigg", "country": "United States"}}, {"model": "players.player", "pk": 11382, "fields": {"first_name": "Sung-jae", "last_name": "Im", "country": "South Korea"}}, {"model": "players.player", "pk": 11390, "fields": {"first_name": "Tatsuya", "last_name": "Kodai", "country": "Japan"}}, {"model": "players.player", "pk": 11391, "fields": {"first_name": "Tyler", "last_name": "Ota", "country": "United States"}}, {"model": "players.player", "pk": 11398, "fields": {"first_name": "Charles", "last_name": "Reiter", "country": "United States"}}, {"model": "players.player", "pk": 11431, "fields": {"first_name": "Andrew", "last_name": "Filbert", "country": "United States"}}, {"model": "players.player", "pk": 11447, "fields": {"first_name": "Ty", "last_name": "Strafaci", "country": "United States"}}, {"model": "players.player", "pk": 11451, "fields": {"first_name": "Rhadames", "last_name": "Pena", "country": "Dominican Republic"}}, {"model": "players.player", "pk": 11452, "fields": {"first_name": "Tony", "last_name": "Romo", "country": "United States"}}, {"model": "players.player", "pk": 11455, "fields": {"first_name": "Lin", "last_name": "Yuxin", "country": "China"}}, {"model": "players.player", "pk": 11457, "fields": {"first_name": "Matt", "last_name": "Parziale", "country": "United States"}}, {"model": "players.player", "pk": 4349524, "fields": {"first_name": "Shintaro", "last_name": "Ban", "country": "United States"}}, {"model": "players.player", "pk": 4357760, "fields": {"first_name": "Jazz", "last_name": "Janewattananond", "country": "Thailand"}}, {"model": "players.player", "pk": 4361934, "fields": {"first_name": "John", "last_name": "VanDerLaan", "country": "United States"}}, {"model": "players.player", "pk": 4364735, "fields": {"first_name": "Joey", "last_name": "Savoie", "country": "United States"}}, {"model": "players.player", "pk": 4364740, "fields": {"first_name": "Russell", "last_name": "Budd", "country": "Canada"}}, {"model": "players.player", "pk": 4364741, "fields": {"first_name": "Justin YW", "last_name": "Kim", "country": "Canada"}}, {"model": "players.player", "pk": 4364742, "fields": {"first_name": "Sam", "last_name": "Fidone", "country": "United States"}}, {"model": "players.player", "pk": 4364744, "fields": {"first_name": "Chris", "last_name": "Crisologo", "country": "Canada"}}, {"model": "players.player", "pk": 4364873, "fields": {"first_name": "Viktor", "last_name": "Hovland", "country": "Norway"}}, {"model": "players.player", "pk": 4366110, "fields": {"first_name": "Mitchell", "last_name": "Sutton", "country": "Canada"}}, {"model": "players.player", "pk": 4394852, "fields": {"first_name": "Mark", "last_name": "Mulder", "country": "United States"}}, {"model": "players.player", "pk": 4396041, "fields": {"first_name": "Sanghyun", "last_name": "Park", "country": "South Korea"}}, {"model": "players.player", "pk": 4396042, "fields": {"first_name": "Leun-Kwang", "last_name": "Kim", "country": "Malaysia"}}, {"model": "players.player", "pk": 4396847, "fields": {"first_name": "Doyeob", "last_name": "Mun", "country": "South Korea"}}, {"model": "players.player", "pk": 4396848, "fields": {"first_name": "Dong Seop", "last_name": "Maeng", "country": "South Korea"}}, {"model": "players.player", "pk": 4399256, "fields": {"first_name": "Yuki", "last_name": "Inamori", "country": "Japan"}}, {"model": "players.player", "pk": 4399279, "fields": {"first_name": "Wilson", "last_name": "Furr", "country": "United States"}}, {"model": "players.player", "pk": 4401226, "fields": {"first_name": "Cole", "last_name": "Nygren", "country": "United States"}}, {"model": "players.player", "pk": 4402736, "fields": {"first_name": "Matt", "last_name": "Hutchins", "country": "United States"}}, {"model": "players.player", "pk": 4404915, "fields": {"first_name": "Garrett", "last_name": "Barber", "country": "United States"}}, {"model": "players.player", "pk": 4404916, "fields": {"first_name": "Blake", "last_name": "Morris", "country": "United States"}}, {"model": "players.player", "pk": 4410611, "fields": {"first_name": "Peter", "last_name": "Jung", "country": "United States"}}, {"model": "players.player", "pk": 4410612, "fields": {"first_name": "Takumi", "last_name": "Kanaya", "country": "Japan"}}, {"model": "players.player", "pk": 4411521, "fields": {"first_name": "Bruce", "last_name": "Doucett", "country": "United States"}}, {"model": "players.player", "pk": 4412121, "fields": {"first_name": "Matthew", "last_name": "Wolff", "country": "United States"}}, {"model": "players.player", "pk": 4412558, "fields": {"first_name": "Ho Sung", "last_name": "Choi", "country": "South Korea"}}, {"model": "players.player", "pk": 4415125, "fields": {"first_name": "Bryson", "last_name": "Nimmer", "country": "United States"}}, {"model": "players.player", "pk": 4415126, "fields": {"first_name": "Kyle", "last_name": "Sanders", "country": "United States"}}, {"model": "players.player", "pk": 43647363938, "fields": {"first_name": "Marc-\u00c9tienne", "last_name": "Bussi\u00e8res", "country": "Canada"}}, {"model": "players.playerevent", "pk": 1, "fields": {"tournament": 401056521, "player": 8906, "total_score_to_par": "-8", "todays_score_to_par": "-6", "holes_played_today": "F", "round_one_to_par": -1, "round_two_to_par": -4, "round_three_to_par": 3, "round_four_to_par": -6}}, {"model": "players.playerevent", "pk": 2, "fields": {"tournament": 401056521, "player": 4449, "total_score_to_par": "-8", "todays_score_to_par": "-4", "holes_played_today": "F", "round_one_to_par": -3, "round_two_to_par": 0, "round_three_to_par": -1, "round_four_to_par": -4}}, {"model": "players.playerevent", "pk": 3, "fields": {"tournament": 401056521, "player": 3449, "total_score_to_par": "-8", "todays_score_to_par": "-2", "holes_played_today": "16", "round_one_to_par": -1, "round_two_to_par": 1, "round_three_to_par": -6, "round_four_to_par": null}}, {"model": "players.playerevent", "pk": 4, "fields": {"tournament": 401056521, "player": 676, "total_score_to_par": "-7", "todays_score_to_par": "-3", "holes_played_today": "F", "round_one_to_par": -2, "round_two_to_par": -1, "round_three_to_par": -1, "round_four_to_par": -3}}, {"model": "players.playerevent", "pk": 5, "fields": {"tournament": 401056521, "player": 3317, "total_score_to_par": "-7", "todays_score_to_par": "-2", "holes_played_today": "F", "round_one_to_par": -2, "round_two_to_par": 1, "round_three_to_par": -4, "round_four_to_par": -2}}, {"model": "players.playerevent", "pk": 6, "fields": {"tournament": 401056521, "player": 208, "total_score_to_par": "-6", "todays_score_to_par": "E", "holes_played_today": "17", "round_one_to_par": 2, "round_two_to_par": -5, "round_three_to_par": -3, "round_four_to_par": null}}, {"model": "players.playerevent", "pk": 7, "fields": {"tournament": 401056521, "player": 1935, "total_score_to_par": "-5", "todays_score_to_par": "-4", "holes_played_today": "F", "round_one_to_par": 1, "round_two_to_par": 0, "round_three_to_par": -2, "round_four_to_par": -4}}, {"model": "players.playerevent", "pk": 8, "fields": {"tournament": 401056521, "player": 3596, "total_score_to_par": "-5", "todays_score_to_par": "-2", "holes_played_today": "F", "round_one_to_par": -2, "round_two_to_par": -1, "round_three_to_par": 0, "round_four_to_par": -2}}, {"model": "players.playerevent", "pk": 9, "fields": {"tournament": 401056521, "player": 5704, "total_score_to_par": "-5", "todays_score_to_par": "-2", "holes_played_today": "F", "round_one_to_par": -1, "round_two_to_par": -1, "round_three_to_par": -1, "round_four_to_par": -2}}, {"model": "players.playerevent", "pk": 10, "fields": {"tournament": 401056521, "player": 780, "total_score_to_par": "-5", "todays_score_to_par": "E", "holes_played_today": "F", "round_one_to_par": -4, "round_two_to_par": 0, "round_three_to_par": -1, "round_four_to_par": 0}}, {"model": "players.playerevent", "pk": 11, "fields": {"tournament": 401056521, "player": 2552, "total_score_to_par": "-4", "todays_score_to_par": "+3", "holes_played_today": "16", "round_one_to_par": -2, "round_two_to_par": -3, "round_three_to_par": -2, "round_four_to_par": null}}, {"model": "players.playerevent", "pk": 12, "fields": {"tournament": 401056521, "player": 5504, "total_score_to_par": "-3", "todays_score_to_par": "-4", "holes_played_today": "F", "round_one_to_par": -2, "round_two_to_par": 2, "round_three_to_par": 1, "round_four_to_par": -4}}, {"model": "players.playerevent", "pk": 13, "fields": {"tournament": 401056521, "player": 7001, "total_score_to_par": "-2", "todays_score_to_par": "-3", "holes_played_today": "F", "round_one_to_par": 2, "round_two_to_par": -3, "round_three_to_par": 2, "round_four_to_par": -3}}, {"model": "players.playerevent", "pk": 14, "fields": {"tournament": 401056521, "player": 809, "total_score_to_par": "-2", "todays_score_to_par": "-2", "holes_played_today": "F", "round_one_to_par": -1, "round_two_to_par": 0, "round_three_to_par": 1, "round_four_to_par": -2}}, {"model": "players.playerevent", "pk": 15, "fields": {"tournament": 401056521, "player": 686, "total_score_to_par": "-1", "todays_score_to_par": "-2", "holes_played_today": "F", "round_one_to_par": -2, "round_two_to_par": -1, "round_three_to_par": 4, "round_four_to_par": -2}}, {"model": "players.playerevent", "pk": 16, "fields": {"tournament": 401056521, "player": 10577, "total_score_to_par": "-1", "todays_score_to_par": "-1", "holes_played_today": "F", "round_one_to_par": 0, "round_two_to_par": -2, "round_three_to_par": 2, "round_four_to_par": -1}}, {"model": "players.playerevent", "pk": 17, "fields": {"tournament": 401056521, "player": 3378, "total_score_to_par": "-1", "todays_score_to_par": "-1", "holes_played_today": "F", "round_one_to_par": -3, "round_two_to_par": 2, "round_three_to_par": 1, "round_four_to_par": -1}}, {"model": "players.playerevent", "pk": 18, "fields": {"tournament": 401056521, "player": 3702, "total_score_to_par": "-1", "todays_score_to_par": "-1", "holes_played_today": "F", "round_one_to_par": 2, "round_two_to_par": -1, "round_three_to_par": -1, "round_four_to_par": -1}}, {"model": "players.playerevent", "pk": 19, "fields": {"tournament": 401056521, "player": 4513, "total_score_to_par": "-1", "todays_score_to_par": "+5", "holes_played_today": "17", "round_one_to_par": -5, "round_two_to_par": -4, "round_three_to_par": 3, "round_four_to_par": null}}, {"model": "players.playerevent", "pk": 20, "fields": {"tournament": 401056521, "player": 11099, "total_score_to_par": "E", "todays_score_to_par": "-2", "holes_played_today": "F", "round_one_to_par": -1, "round_two_to_par": -1, "round_three_to_par": 4, "round_four_to_par": -2}}, {"model": "players.playerevent", "pk": 21, "fields": {"tournament": 401056521, "player": 6825, "total_score_to_par": "E", "todays_score_to_par": "+2", "holes_played_today": "F", "round_one_to_par": -4, "round_two_to_par": 1, "round_three_to_par": 1, "round_four_to_par": 2}}, {"model": "players.playerevent", "pk": 22, "fields": {"tournament": 401056521, "player": 1222, "total_score_to_par": "+1", "todays_score_to_par": "-1", "holes_played_today": "F", "round_one_to_par": 1, "round_two_to_par": -1, "round_three_to_par": 2, "round_four_to_par": -1}}, {"model": "players.playerevent", "pk": 23, "fields": {"tournament": 401056521, "player": 1651, "total_score_to_par": "+1", "todays_score_to_par": "+5", "holes_played_today": "F", "round_one_to_par": -4, "round_two_to_par": -1, "round_three_to_par": 1, "round_four_to_par": 5}}, {"model": "players.playerevent", "pk": 24, "fields": {"tournament": 401056521, "player": 1037, "total_score_to_par": "+2", "todays_score_to_par": "+4", "holes_played_today": "F", "round_one_to_par": 2, "round_two_to_par": -2, "round_three_to_par": -2, "round_four_to_par": 4}}, {"model": "players.playerevent", "pk": 25, "fields": {"tournament": 401056521, "player": 446, "total_score_to_par": "+4", "todays_score_to_par": "-2", "holes_played_today": "F", "round_one_to_par": -2, "round_two_to_par": -1, "round_three_to_par": 9, "round_four_to_par": -2}}, {"model": "players.playerevent", "pk": 26, "fields": {"tournament": 401056521, "player": 1196, "total_score_to_par": "+4", "todays_score_to_par": "+3", "holes_played_today": "F", "round_one_to_par": 0, "round_two_to_par": -1, "round_three_to_par": 2, "round_four_to_par": 3}}, {"model": "players.playerevent", "pk": 27, "fields": {"tournament": 401056521, "player": 6011, "total_score_to_par": "+4", "todays_score_to_par": "+5", "holes_played_today": "F", "round_one_to_par": 4, "round_two_to_par": -6, "round_three_to_par": 1, "round_four_to_par": 5}}, {"model": "players.playerevent", "pk": 28, "fields": {"tournament": 401056521, "player": 1077, "total_score_to_par": "+4", "todays_score_to_par": "+7", "holes_played_today": "F", "round_one_to_par": -2, "round_two_to_par": 0, "round_three_to_par": -1, "round_four_to_par": 7}}, {"model": "players.playerevent", "pk": 29, "fields": {"tournament": 401056521, "player": 10166, "total_score_to_par": "+5", "todays_score_to_par": "+5", "holes_played_today": "F", "round_one_to_par": -1, "round_two_to_par": -2, "round_three_to_par": 3, "round_four_to_par": 5}}, {"model": "players.playerevent", "pk": 30, "fields": {"tournament": 401056521, "player": 1613, "total_score_to_par": "+5", "todays_score_to_par": "+6", "holes_played_today": "F", "round_one_to_par": 1, "round_two_to_par": -4, "round_three_to_par": 2, "round_four_to_par": 6}}, {"model": "players.playerevent", "pk": 31, "fields": {"tournament": 401056521, "player": 10505, "total_score_to_par": "+6", "todays_score_to_par": "+6", "holes_played_today": "F", "round_one_to_par": -1, "round_two_to_par": 0, "round_three_to_par": 1, "round_four_to_par": 6}}, {"model": "players.playerevent", "pk": 32, "fields": {"tournament": 401056521, "player": 5408, "total_score_to_par": "+7", "todays_score_to_par": "+6", "holes_played_today": "F", "round_one_to_par": 4, "round_two_to_par": -3, "round_three_to_par": 0, "round_four_to_par": 6}}, {"model": "players.playerevent", "pk": 33, "fields": {"tournament": 401056521, "player": 9517, "total_score_to_par": "CUT", "todays_score_to_par": "-", "holes_played_today": "CUT", "round_one_to_par": 3, "round_two_to_par": -1, "round_three_to_par": null, "round_four_to_par": null}}, {"model": "players.playerevent", "pk": 34, "fields": {"tournament": 401056521, "player": 6017, "total_score_to_par": "CUT", "todays_score_to_par": "-", "holes_played_today": "CUT", "round_one_to_par": 1, "round_two_to_par": 1, "round_three_to_par": null, "round_four_to_par": null}}, {"model": "players.playerevent", "pk": 35, "fields": {"tournament": 401056521, "player": 5338, "total_score_to_par": "CUT", "todays_score_to_par": "-", "holes_played_today": "CUT", "round_one_to_par": -1, "round_two_to_par": 3, "round_three_to_par": null, "round_four_to_par": null}}, {"model": "players.playerevent", "pk": 36, "fields": {"tournament": 401056521, "player": 2283, "total_score_to_par": "CUT", "todays_score_to_par": "-", "holes_played_today": "CUT", "round_one_to_par": 3, "round_two_to_par": -1, "round_three_to_par": null, "round_four_to_par": null}}, {"model": "players.playerevent", "pk": 37, "fields": {"tournament": 401056521, "player": 1626, "total_score_to_par": "CUT", "todays_score_to_par": "-", "holes_played_today": "CUT", "round_one_to_par": 0, "round_two_to_par": 2, "round_three_to_par": null, "round_four_to_par": null}}, {"model": "players.playerevent", "pk": 38, "fields": {"tournament": 401056521, "player": 1185, "total_score_to_par": "CUT", "todays_score_to_par": "-", "holes_played_today": "CUT", "round_one_to_par": 3, "round_two_to_par": -1, "round_three_to_par": null, "round_four_to_par": null}}, {"model": "players.playerevent", "pk": 39, "fields": {"tournament": 401056521, "player": 318, "total_score_to_par": "CUT", "todays_score_to_par": "-", "holes_played_today": "CUT", "round_one_to_par": 1, "round_two_to_par": 1, "round_three_to_par": null, "round_four_to_par": null}}, {"model": "players.playerevent", "pk": 40, "fields": {"tournament": 401056521, "player": 10583, "total_score_to_par": "CUT", "todays_score_to_par": "-", "holes_played_today": "CUT", "round_one_to_par": 0, "round_two_to_par": 3, "round_three_to_par": null, "round_four_to_par": null}}, {"model": "players.playerevent", "pk": 41, "fields": {"tournament": 401056521, "player": 8974, "total_score_to_par": "CUT", "todays_score_to_par": "-", "holes_played_today": "CUT", "round_one_to_par": 1, "round_two_to_par": 2, "round_three_to_par": null, "round_four_to_par": null}}, {"model": "players.playerevent", "pk": 42, "fields": {"tournament": 401056521, "player": 159, "total_score_to_par": "CUT", "todays_score_to_par": "-", "holes_played_today": "CUT", "round_one_to_par": 2, "round_two_to_par": 1, "round_three_to_par": null, "round_four_to_par": null}}, {"model": "players.playerevent", "pk": 43, "fields": {"tournament": 401056521, "player": 9568, "total_score_to_par": "CUT", "todays_score_to_par": "-", "holes_played_today": "CUT", "round_one_to_par": 4, "round_two_to_par": 0, "round_three_to_par": null, "round_four_to_par": null}}, {"model": "players.playerevent", "pk": 44, "fields": {"tournament": 401056521, "player": 1750, "total_score_to_par": "CUT", "todays_score_to_par": "-", "holes_played_today": "CUT", "round_one_to_par": 3, "round_two_to_par": 1, "round_three_to_par": null, "round_four_to_par": null}}, {"model": "players.playerevent", "pk": 45, "fields": {"tournament": 401056521, "player": 1067, "total_score_to_par": "CUT", "todays_score_to_par": "-", "holes_played_today": "CUT", "round_one_to_par": 6, "round_two_to_par": -2, "round_three_to_par": null, "round_four_to_par": null}}, {"model": "players.playerevent", "pk": 46, "fields": {"tournament": 401056521, "player": 9025, "total_score_to_par": "CUT", "todays_score_to_par": "-", "holes_played_today": "CUT", "round_one_to_par": 5, "round_two_to_par": 0, "round_three_to_par": null, "round_four_to_par": null}}, {"model": "players.playerevent", "pk": 47, "fields": {"tournament": 401056521, "player": 5619, "total_score_to_par": "CUT", "todays_score_to_par": "-", "holes_played_today": "CUT", "round_one_to_par": 2, "round_two_to_par": 3, "round_three_to_par": null, "round_four_to_par": null}}, {"model": "players.playerevent", "pk": 48, "fields": {"tournament": 401056521, "player": 4682, "total_score_to_par": "CUT", "todays_score_to_par": "-", "holes_played_today": "CUT", "round_one_to_par": 8, "round_two_to_par": -3, "round_three_to_par": null, "round_four_to_par": null}}, {"model": "players.playerevent", "pk": 49, "fields": {"tournament": 401056521, "player": 1225, "total_score_to_par": "CUT", "todays_score_to_par": "-", "holes_played_today": "CUT", "round_one_to_par": 3, "round_two_to_par": 2, "round_three_to_par": null, "round_four_to_par": null}}, {"model": "players.playerevent", "pk": 50, "fields": {"tournament": 401056521, "player": 6196, "total_score_to_par": "CUT", "todays_score_to_par": "-", "holes_played_today": "CUT", "round_one_to_par": 2, "round_two_to_par": 4, "round_three_to_par": null, "round_four_to_par": null}}, {"model": "players.playerevent", "pk": 51, "fields": {"tournament": 401056521, "player": 110, "total_score_to_par": "CUT", "todays_score_to_par": "-", "holes_played_today": "CUT", "round_one_to_par": 4, "round_two_to_par": 2, "round_three_to_par": null, "round_four_to_par": null}}, {"model": "players.playerevent", "pk": 52, "fields": {"tournament": 401056521, "player": 9804, "total_score_to_par": "CUT", "todays_score_to_par": "-", "holes_played_today": "CUT", "round_one_to_par": 5, "round_two_to_par": 2, "round_three_to_par": null, "round_four_to_par": null}}, {"model": "players.playerevent", "pk": 53, "fields": {"tournament": 401056521, "player": 5934, "total_score_to_par": "CUT", "todays_score_to_par": "-", "holes_played_today": "CUT", "round_one_to_par": 5, "round_two_to_par": 2, "round_three_to_par": null, "round_four_to_par": null}}, {"model": "players.playerevent", "pk": 54, "fields": {"tournament": 401056521, "player": 2883, "total_score_to_par": "CUT", "todays_score_to_par": "-", "holes_played_today": "CUT", "round_one_to_par": 9, "round_two_to_par": -2, "round_three_to_par": null, "round_four_to_par": null}}, {"model": "players.playerevent", "pk": 55, "fields": {"tournament": 401056521, "player": 78, "total_score_to_par": "CUT", "todays_score_to_par": "-", "holes_played_today": "CUT", "round_one_to_par": 0, "round_two_to_par": 7, "round_three_to_par": null, "round_four_to_par": null}}, {"model": "players.playerevent", "pk": 56, "fields": {"tournament": 401056521, "player": 4591, "total_score_to_par": "CUT", "todays_score_to_par": "-", "holes_played_today": "CUT", "round_one_to_par": 6, "round_two_to_par": 4, "round_three_to_par": null, "round_four_to_par": null}}, {"model": "players.playerevent", "pk": 57, "fields": {"tournament": 401056521, "player": 667, "total_score_to_par": "CUT", "todays_score_to_par": "-", "holes_played_today": "CUT", "round_one_to_par": 3, "round_two_to_par": 8, "round_three_to_par": null, "round_four_to_par": null}}, {"model": "players.playerevent", "pk": 58, "fields": {"tournament": 401056521, "player": 774, "total_score_to_par": "CUT", "todays_score_to_par": "-", "holes_played_today": "CUT", "round_one_to_par": 5, "round_two_to_par": 7, "round_three_to_par": null, "round_four_to_par": null}}, {"model": "players.playerevent", "pk": 59, "fields": {"tournament": 401056521, "player": 1352, "total_score_to_par": "CUT", "todays_score_to_par": "-", "holes_played_today": "CUT", "round_one_to_par": 7, "round_two_to_par": 6, "round_three_to_par": null, "round_four_to_par": null}}, {"model": "players.playerevent", "pk": 60, "fields": {"tournament": 401056521, "player": 1680, "total_score_to_par": "WD", "todays_score_to_par": "-", "holes_played_today": "WD", "round_one_to_par": -46, "round_two_to_par": null, "round_three_to_par": null, "round_four_to_par": null}}, {"model": "players.pool", "pk": 3, "fields": {"pool_id": "A", "tournament": 401056521, "players": [21, 78, 208, 266, 303, 318]}}, {"model": "players.pool", "pk": 4, "fields": {"pool_id": "B", "tournament": 401056521, "players": [110]}}, {"model": "players.pool", "pk": 5, "fields": {"pool_id": "C", "tournament": 401056521, "players": [3702]}}, {"model": "players.userevent", "pk": 28, "fields": {"user": 15, "tournament": 401056521, "position": 1, "round_one_to_par": 6, "round_two_to_par": 8, "round_three_to_par": -1, "round_four_to_par": -1, "total_score_to_par": 12, "players": [78, 110, 3702]}}]
